source_key,field,value,poi_type,confidence,evidence
alaska_trails_access_points,accesstype,Parking Lot,parking,high,"AccessType 'Parking Lot', 40 of 183 (notes)"
alaska_trails_access_points,accesstype,Trailhead,trailhead,high,"AccessType 'Trailhead', 122 of 183 (notes)"
alaska_trails_cabins_and_campsites,type,Campground,campsite,low,"Type 'Campground', 53 of 108 (notes); low, the coverage audit's draft layer"
alaska_trails_cabins_and_campsites,type,Campsite,campsite,low,"Type 'Campsite', 8 of 108 (notes); low, the coverage audit's draft layer"
alaska_trails_cabins_and_campsites,type,Campsites,campsite,low,"Type 'Campsites', 18 of 108 (notes); low, the coverage audit's draft layer"
amc_destinations,type,Campsite,campsite,high,"TYPE 'Campsite', 7 of 61 (notes)"
amc_destinations,type,Shelter,shelter,high,"TYPE 'Shelter', 12 of 61 (notes)"
amc_destinations,type,Tentsite - Primitive Camp,campsite,high,"TYPE 'Tentsite - Primitive Camp', 14 of 61 (notes)"
amc_destinations,type,White Mountain Hut,shelter,high,"TYPE 'White Mountain Hut', 8 of 61 (notes)"
amc_lodging,lodging_type,Campsite,campsite,high,"Lodging_Type 'Campsite', 20 of 35 (notes)"
amc_lodging,lodging_type,Hut,shelter,high,"Lodging_Type 'Hut', 8 of 35, the huts ATC's shelters layer also holds where the A.T. passes (notes)"
amc_net_parking,type,Parking Lot,parking,low,"Type 'Parking Lot', 27 of 64 (notes); low, last edited 2022-11-26"
amc_net_parking,type,Road Shoulder,parking,low,"Type 'Road Shoulder', 37 of 64 (notes); low, last edited 2022-11-26"
amc_net_points_of_interest,type,Campsite (Approved),campsite,low,"Type 'Campsite (Approved)', 3 of 205 (notes); low, last edited 2022-11-26"
amc_net_points_of_interest,type,Shelter,shelter,low,"Type 'Shelter', 7 of 205 (notes); low, last edited 2022-11-26"
amc_net_points_of_interest,type,View,viewpoint,low,"Type 'View', 156 of 205 (notes); low, last edited 2022-11-26"
amc_trailheads_and_parking,category,Parking Lot,parking,low,"Category 'Parking Lot', 56 of 106 (notes); low, last edited 2022-11-14"
amc_trailheads_and_parking,category,Trailhead,trailhead,low,"Category 'Trailhead', 43 of 106 (notes); low, last edited 2022-11-14"
black_hills_parking,,,parking,low,"every point: a public parking layer of 3 (notes); low, last edited 2020-12-23"
black_hills_trailheads,,,trailhead,low,"every point: a trailhead layer of 6 named trailheads (notes); low, last edited 2020-12-23"
blm_recreation_sites,fet_subtype,Campsite - Developed - Non Reservable - Fee,campsite,high,"FET_SUBTYPE 'Campsite - Developed - Non Reservable - Fee', a developed site of FET_TYPE 3 OVERNIGHT SITE (the cached subtype domain); the Primitive ones are not mapped"
blm_recreation_sites,fet_subtype,Campsite - Developed - Non Reservable - No Fee,campsite,high,"FET_SUBTYPE 'Campsite - Developed - Non Reservable - No Fee', a developed site of FET_TYPE 3 OVERNIGHT SITE (the cached subtype domain); the Primitive ones are not mapped"
blm_recreation_sites,fet_subtype,Campsite - Developed - Reservable - Fee,campsite,high,"FET_SUBTYPE 'Campsite - Developed - Reservable - Fee', a developed site of FET_TYPE 3 OVERNIGHT SITE (the cached subtype domain); the Primitive ones are not mapped"
blm_recreation_sites,fet_subtype,Campsite - Developed - Reservable - No Fee,campsite,high,"FET_SUBTYPE 'Campsite - Developed - Reservable - No Fee', a developed site of FET_TYPE 3 OVERNIGHT SITE (the cached subtype domain); the Primitive ones are not mapped"
blm_recreation_sites,fet_subtype,Scenic Overlook,viewpoint,high,"FET_SUBTYPE 'Scenic Overlook', of FET_TYPE 4 DAY USE SITE (the cached subtype domain)"
blm_recreation_sites,fet_type,10,campsite,high,"FET_TYPE 10, the subtype 'CAMPGROUND', 561 of 10,241 (notes)"
blm_recreation_sites,fet_type,5,privy,high,"FET_TYPE 5, the subtype 'TOILET', 1,411 of 10,241 (notes)"
blm_recreation_sites,fet_type,7,trailhead,high,"FET_TYPE 7, the subtype 'TRAIL HEAD', 1,256 of 10,241 (notes)"
blm_recreation_sites,fet_type,8,parking,high,"FET_TYPE 8, the subtype 'PARKING AREA', 794 of 10,241 (notes)"
cdtc_parking,prktype,Engineered parking area,parking,high,"PRKTYPE 'Engineered parking area', 54 of 81 (notes); the string '<Null>' on 17 is not mapped"
cdtc_parking,prktype,Roadside parking area,parking,high,"PRKTYPE 'Roadside parking area', 10 of 81 (notes); the string '<Null>' on 17 is not mapped"
cdtc_trailheads_and_mail,wp_type,TH,trailhead,high,"WP_Type 'TH', the subtype 'Trailhead', 104 of 292 (notes)"
cfpa_overnight_sites,type,campsite,campsite,high,"TYPE 'campsite', 16 of 32 (notes)"
cfpa_overnight_sites,type,shelter,shelter,high,"TYPE 'shelter', 16 of 32 (notes)"
cfpa_parking,type,lot,parking,high,"TYPE 'lot', 166 of 365 (notes)"
cfpa_parking,type,shoulder,parking,high,"TYPE 'shoulder', 199 of 365 (notes)"
cotrex_trailheads,type,Interpretive Trailhead,trailhead,high,"type 'Interpretive Trailhead', 104 of 2,585 (notes)"
cotrex_trailheads,type,Trailhead,trailhead,high,"type 'Trailhead', 2,481 of 2,585 (notes)"
cpw_facilities,d_fac_type,Campground,campsite,high,"d_FAC_TYPE 'Campground', 262 of 5,520 (notes)"
cpw_facilities,d_fac_type,Campsite,campsite,high,"d_FAC_TYPE 'Campsite', 146 of 5,520 (notes)"
cpw_facilities,d_fac_type,Group Campground,campsite,high,"d_FAC_TYPE 'Group Campground', 15 of 5,520 (notes)"
cpw_facilities,d_fac_type,Parking,parking,high,"d_FAC_TYPE 'Parking', 1,831 of 5,520 (notes)"
cpw_facilities,d_fac_type,Restroom,privy,high,"d_FAC_TYPE 'Restroom', 643 of 5,520 (notes)"
cpw_facilities,d_fac_type,Scenic Overlook,viewpoint,high,"d_FAC_TYPE 'Scenic Overlook', 51 of 5,520 (notes)"
ct_deep_trail_access,,,trailhead,high,"every point: DEEP's trail access points, 209 (notes); PARKING says whether one has parking"
ct_deep_trail_interest,interest,Scenic View,viewpoint,high,"INTEREST 'Scenic View', 65 of 296 (notes)"
cumberland_trail_campsites,,,campsite,high,"every point: the trail's 17 campsites (notes), as campsites, never shelters ('the shelter no longer exists at this site')"
cumberland_trail_trailheads,status,Non CT Trailhead,trailhead,high,"Status 'Non CT Trailhead', 8 of 46 (notes)"
cumberland_trail_trailheads,status,Trailhead Open,trailhead,high,"Status 'Trailhead Open', 37 of 46 (notes)"
fltc_waypoints,symbol_name,Bivouac,campsite,high,"Symbol_Name 'Bivouac', 58 of 1,789 (notes)"
fltc_waypoints,symbol_name,Campground,campsite,high,"Symbol_Name 'Campground', 36 of 1,789 (notes)"
fltc_waypoints,symbol_name,Fire Tower,viewpoint,high,"Symbol_Name 'Fire Tower', 4 of 1,789 (notes)"
fltc_waypoints,symbol_name,Lean-to,shelter,high,"Symbol_Name 'Lean-to', 63 of 1,789 (notes)"
fltc_waypoints,symbol_name,Parking Area,parking,high,"Symbol_Name 'Parking Area', 608 of 1,789 (notes)"
fltc_waypoints,symbol_name,Restroom,privy,high,"Symbol_Name 'Restroom', 6 of 1,789 (notes)"
fltc_waypoints,symbol_name,Scenic Area,viewpoint,high,"Symbol_Name 'Scenic Area', 130 of 1,789 (notes)"
fltc_waypoints,symbol_name,Shelter,shelter,high,"Symbol_Name 'Shelter', 2 of 1,789 (notes)"
fltc_waypoints,symbol_name,Water Source,water,low,"Symbol_Name 'Water Source', 95 of 1,789 (notes), FLTC's own mapped sources; low: a mapped water point, never a report of flow, and the per-point water notes are in Description, which never loads"
fta_campsites,campsite_type,Campground,campsite,high,"Campsite_Type 'Campground', 26 of 177 (notes)"
fta_campsites,campsite_type,Campsite,campsite,high,"Campsite_Type 'Campsite', 80 of 177 (notes)"
fta_campsites,campsite_type,Designated Campsite,campsite,high,"Campsite_Type 'Designated Campsite', 65 of 177 (notes)"
fta_campsites,campsite_type,Shelter,shelter,high,"Campsite_Type 'Shelter', 6 of 177 (notes)"
fta_trailheads,,,trailhead,high,"every point: FTA's trailheads, Trailhead_Status Open on all 166 (notes)"
gmc_overnight_sites,ostype,LO,shelter,high,"OSType 'LO', 9 of 72, which OSType_Lng spells Shelter and Lodge (notes)"
gmc_overnight_sites,ostype,SH,shelter,high,"OSType 'SH', 47 of 72, which OSType_Lng spells Shelter and Lodge (notes)"
gmc_overnight_sites,ostype,TS,campsite,high,"OSType 'TS', 8 of 72, Tent Site (notes)"
gmc_parking,,,parking,high,"every point: GMC's PARKING_MASTER, 96 (notes)"
gmc_privies,,,privy,low,"every point: GMC's PRIVIES_MASTER, 73 (notes); low, last edited 2022-12-13"
gmc_viewpoints,tower,1,viewpoint,high,"TOWER flag 1, 3 of 164 (notes)"
gmc_viewpoints,vista,1,viewpoint,high,"VISTA flag 1, 108 of 164 (notes)"
iata_camping,camp_type,2,campsite,high,"Camp_Type 2 'Public Campground', 66 of 247 (notes)"
iata_camping,camp_type,3,campsite,high,"Camp_Type 3 'Private Campground', 77 of 247 (notes)"
iata_camping,camp_type,4,campsite,high,"Camp_Type 4 'Primitive Campsite', 33 of 247 (notes)"
iata_camping,camp_type,6,shelter,high,"Camp_Type 6 'Shelter/Hut', 12 of 247 (notes)"
iata_camping,camp_type,8,campsite,high,"Camp_Type 8 'Public Group Campground', 18 of 247 (notes)"
iata_parking,parking_type,0,parking,high,"Parking_Type 0 'Other public parking area', 323 of 443 (notes); 3 'IAT maintenance parking' is not mapped"
iata_parking,parking_type,1,parking,high,"Parking_Type 1 'Public IAT parking area', 117 of 443 (notes); 3 'IAT maintenance parking' is not mapped"
iata_parking,parking_type,2,parking,high,"Parking_Type 2 'IAT roadside parking', 3 of 443 (notes); 3 'IAT maintenance parking' is not mapped"
iata_water,potability,1,water,low,"Potability 1 'Potable', 198 of 423 (notes); low: a mapped water point, never a report of flow. The layer is 'not comprehensive' and its plumbed feature types are held back (layer_rules)"
iata_water,potability,2,water,low,"Potability 2 'Treatment required', 217 of 423 (notes); low: a mapped water point, never a report of flow"
ma_dcr_blue_hills_intersections,type,Trailhead,trailhead,high,"TYPE 'Trailhead', 4 of 262 (notes); the 248 numbered intersections are not a POI type"
ma_dcr_blue_hills_parking,,,parking,high,"every point: the Blue Hills Reservation's public parking, 33 (notes)"
ncta_points,wpttype,Camping,campsite,high,"wptType 'Camping', 504 of 2,549 (notes)"
ncta_points,wpttype,Parking,parking,high,"wptType 'Parking', 695 of 2,549 (notes)"
ncta_points,wpttype,Shelter,shelter,high,"wptType 'Shelter', 53 of 2,549 (notes)"
ncta_points,wpttype,Water,water,low,"wptType 'Water', 547 of 2,549 (notes); low: a mapped water point, never a report of flow ('Water here is a mapped point, not a report of flow')"
nj_open_space_points_of_interest,feature_type,Campground,campsite,high,"FEATURE_TYPE 'Campground', 47 of 3,260 (notes)"
nj_open_space_points_of_interest,feature_type,Fire Tower,viewpoint,high,"FEATURE_TYPE 'Fire Tower', 4 of 3,260 (notes)"
nj_open_space_points_of_interest,feature_type,Group Campground,campsite,high,"FEATURE_TYPE 'Group Campground', 25 of 3,260 (notes)"
nj_open_space_points_of_interest,feature_type,Lean To,shelter,high,"FEATURE_TYPE 'Lean To', 14 of 3,260 (notes)"
nj_open_space_points_of_interest,feature_type,Parking,parking,high,"FEATURE_TYPE 'Parking', 463 of 3,260 (notes)"
nj_open_space_points_of_interest,feature_type,Pulloff Parking,parking,high,"FEATURE_TYPE 'Pulloff Parking', 202 of 3,260 (notes)"
nj_open_space_points_of_interest,feature_type,Restroom,privy,high,"FEATURE_TYPE 'Restroom', 142 of 3,260 (notes)"
nj_open_space_points_of_interest,feature_type,Scenic View,viewpoint,high,"FEATURE_TYPE 'Scenic View', 163 of 3,260 (notes)"
nj_open_space_points_of_interest,feature_type,Shelter,shelter,high,"FEATURE_TYPE 'Shelter', 17 of 3,260 (notes)"
nj_open_space_points_of_interest,feature_type,Trailhead,trailhead,high,"FEATURE_TYPE 'Trailhead', 138 of 3,260 (notes)"
nj_open_space_points_of_interest,feature_type,Unpaved Parking,parking,high,"FEATURE_TYPE 'Unpaved Parking', 373 of 3,260 (notes)"
nps_grsm_backcountry_shelters,,,shelter,high,every point: TYPE 'Trail Shelter' on all 15 (notes)
nps_points_of_interest,poitype,Backcountry Campsite,campsite,high,"POITYPE 'Backcountry Campsite', 203 of 35,639 (notes and the POI worker's grouping)"
nps_points_of_interest,poitype,Campground,campsite,high,"POITYPE 'Campground', 863 of 35,639 (notes and the POI worker's grouping)"
nps_points_of_interest,poitype,Campsite,campsite,high,"POITYPE 'Campsite', 3,859 of 35,639 (notes and the POI worker's grouping)"
nps_points_of_interest,poitype,Overlook,viewpoint,high,"POITYPE 'Overlook', 611 of 35,639 (notes and the POI worker's grouping)"
nps_points_of_interest,poitype,Parking,parking,high,"POITYPE 'Parking', 249 of 35,639 (notes and the POI worker's grouping)"
nps_points_of_interest,poitype,Parking Lot,parking,high,"POITYPE 'Parking Lot', 4,013 of 35,639 (notes and the POI worker's grouping)"
nps_points_of_interest,poitype,Primitive Campsite,campsite,high,"POITYPE 'Primitive Campsite', 34 of 35,639 (notes and the POI worker's grouping)"
nps_points_of_interest,poitype,Restroom,privy,high,"POITYPE 'Restroom', 2,631 of 35,639 (notes and the POI worker's grouping)"
nps_points_of_interest,poitype,Shelter,shelter,high,"POITYPE 'Shelter', 117 of 35,639 (notes and the POI worker's grouping)"
nps_points_of_interest,poitype,Trailhead,trailhead,high,"POITYPE 'Trailhead', 2,211 of 35,639 (notes and the POI worker's grouping)"
nps_points_of_interest,poitype,Vault Toilet,privy,high,"POITYPE 'Vault Toilet', 255 of 35,639 (notes and the POI worker's grouping)"
nps_points_of_interest,poitype,Viewpoint,viewpoint,high,"POITYPE 'Viewpoint', 563 of 35,639 (notes and the POI worker's grouping)"
pasda_explore_pa_trail_access,,,trailhead,low,"every point: Explore PA's trail access points, 3,030 (notes); low, layer name 'WP 201703', and SUBTYPE_CO's codes carry no labels"
pasda_state_forest_campsites,type,Motorized,campsite,high,"Type 'Motorized', 726 of 801 designated state forest campsites (notes)"
pasda_state_forest_campsites,type,Primitive,campsite,high,"Type 'Primitive', 36 of 801 designated state forest campsites (notes)"
pasda_state_forest_campsites,type,Primitive (Trail Shelter),shelter,high,"Type 'Primitive (Trail Shelter)', 3 of 801 designated state forest campsites (notes)"
pasda_state_park_buildings,use1,Backpacking Shelter,shelter,high,"USE1 'Backpacking Shelter', the domain's value of 4,359 (notes); name, use and position only"
pasda_state_park_buildings,use1,Restroom,privy,high,"USE1 'Restroom', 500 of 4,359 (notes); name, use and position only"
pasda_state_park_buildings,use1,Trail Shelter,shelter,high,"USE1 'Trail Shelter', 55 of 4,359 (notes); name, use and position only"
pcta_halfmile_campsites,symbolid,8,campsite,low,"SymbolID 8, 441 of 442, the layer's one subtype (notes, cached metadata); low, Halfmile's 2018 survey"
pcta_halfmile_water_sources,symbolid,7,water,low,"SymbolID 7, 1,102 of 1,159, the layer's one subtype (notes, cached metadata); low: a mapped water point, never a report of flow: 'A 2018 SURVEY, STALE BY DESIGN AS WATER'. SymbolID 3 (57) is unlabelled and not mapped"
pcta_trailheads,external_trailheadoraccesspoint,Trailhead,trailhead,high,"external_trailheadOrAccessPoint 'Trailhead', 325 of 487 (notes)"
ridgetrail_campsites,type,Campground,campsite,low,"TYPE 'Campground', 31 of 192 (notes); low, 'current as of 06/2023'"
ridgetrail_campsites,type,Group,campsite,low,"TYPE 'Group', 43 of 192 (notes); low, 'current as of 06/2023'"
ridgetrail_campsites,type,Trail Camp,campsite,low,"TYPE 'Trail Camp', 21 of 192 (notes); low, 'current as of 06/2023'"
tahoe_rim_campgrounds,campground_type,Fee USFS Campground,campsite,high,"Campground_Type 'Fee USFS Campground', 2 of 6 (notes)"
tahoe_rim_campgrounds,campground_type,No Fee LTNSP Campground,campsite,high,"Campground_Type 'No Fee LTNSP Campground', 3 of 6 (notes)"
tahoe_rim_points_of_interest,type,Vista,viewpoint,low,"Type 'Vista', 149 of 228 (notes); low, last edited 2020-12-13"
tahoe_rim_trailheads,,,trailhead,high,"every point: TRTA's newest trailhead layer, 22 (notes)"
tahoe_rim_water_sources,reliability,Reliable,water,low,"RELIABILITY 'Reliable', 69 of 126 (notes); low: a mapped water point, never a report of flow: 'a planning label, never a report of flow', last edited 2023-04-05"
tahoe_rim_water_sources,reliability,Seasonal,water,low,"RELIABILITY 'Seasonal', 57 of 126 (notes); low: a mapped water point, never a report of flow: 'a planning label, never a report of flow', last edited 2023-04-05"
tn_state_parks_campgrounds,campgrnd_type,Backcountry Camping,campsite,high,"CAMPGRND_TYPE 'Backcountry Camping', 58 of 203 (notes)"
tn_state_parks_campgrounds,campgrnd_type,Backcountry Shelter,shelter,high,"CAMPGRND_TYPE 'Backcountry Shelter', 16 of 203 (notes)"
tn_state_parks_campgrounds,campgrnd_type,Group Camp,campsite,high,"CAMPGRND_TYPE 'Group Camp', 27 of 203 (notes)"
tn_state_parks_campgrounds,campgrnd_type,Hammock,campsite,high,"CAMPGRND_TYPE 'Hammock', 3 of 203 (notes)"
tn_state_parks_campgrounds,campgrnd_type,Mixed RV Tent,campsite,high,"CAMPGRND_TYPE 'Mixed RV Tent', 54 of 203 (notes)"
tn_state_parks_campgrounds,campgrnd_type,Primitive,campsite,high,"CAMPGRND_TYPE 'Primitive', 15 of 203 (notes)"
tn_state_parks_campgrounds,campgrnd_type,Tent Only,campsite,high,"CAMPGRND_TYPE 'Tent Only', 5 of 203 (notes)"
tn_state_parks_campgrounds,campgrnd_type,Walk-In,campsite,high,"CAMPGRND_TYPE 'Walk-In', 6 of 203 (notes)"
tn_state_parks_campsites,campgrnd_type,Backcountry Campsite,campsite,high,"CAMPGRND_TYPE 'Backcountry Campsite', 5 of 3,242 (notes); the 3,236 with none are reservable sites inside campgrounds, not mapped"
tn_state_parks_campsites,campgrnd_type,Primitive,campsite,high,"CAMPGRND_TYPE 'Primitive', 1 of 3,242 (notes); the 3,236 with none are reservable sites inside campgrounds, not mapped"
tn_state_parks_hiking_assets,asset_type,Campsite-Backcountry,campsite,high,"Asset_Type 'Campsite-Backcountry', 156 of 1,369 (notes)"
tn_state_parks_hiking_assets,asset_type,Campsite-Backcountry Group Camp,campsite,high,"Asset_Type 'Campsite-Backcountry Group Camp', 8 of 1,369 (notes)"
tn_state_parks_hiking_assets,asset_type,Campsite-Backcountry Shelter,shelter,high,"Asset_Type 'Campsite-Backcountry Shelter', 10 of 1,369 (notes)"
tn_state_parks_hiking_assets,asset_type,Campsite-Walk-In,campsite,high,"Asset_Type 'Campsite-Walk-In', 56 of 1,369 (notes)"
tn_state_parks_hiking_assets,asset_type,Lookout Tower,viewpoint,high,"Asset_Type 'Lookout Tower', 5 of 1,369 (notes)"
tn_state_parks_hiking_assets,asset_type,Parking,parking,high,"Asset_Type 'Parking', 415 of 1,369 (notes)"
tn_state_parks_hiking_assets,asset_type,Scenic Viewpoint/Overlook,viewpoint,high,"Asset_Type 'Scenic Viewpoint/Overlook', 53 of 1,369 (notes)"
tn_state_parks_hiking_assets,asset_type,Trailhead,trailhead,high,"Asset_Type 'Trailhead', 349 of 1,369 (notes)"
usfws_refuge_access_points,acc_type,Trailhead,trailhead,high,"Acc_Type 'Trailhead', 832 of 1,756 (notes)"
usfws_refuge_property_points,prop_type,40660100,parking,high,"Prop_Type 40660100 'Parking Lot', 7,895 of 14,864 (notes, cached domain)"
usfws_refuge_property_points,prop_type,40750100,campsite,high,"Prop_Type 40750100 'Campground', 136 of 14,864 (notes, cached domain)"
usfws_refuge_property_points,prop_type,40800900,viewpoint,high,"Prop_Type 40800900 'Observation Deck / Platform', 696 of 14,864 (notes, cached domain)"
usfws_refuge_property_points,prop_type,77777704,campsite,high,"Prop_Type 77777704 'Campsite', 209 of 14,864 (notes, cached domain)"
usfws_refuge_property_points,prop_type,77777714,viewpoint,high,"Prop_Type 77777714 'Overlook', 165 of 14,864 (notes, cached domain)"
usgs_structures_campgrounds,,,campsite,high,"every point: the NSD's campgrounds layer, 7,748 (notes)"
usgs_structures_shelters,,,shelter,high,"every point: the NSD's shelters layer, 30 (notes)"
usgs_structures_trailheads,,,trailhead,high,"every point: the NSD's trailheads layer, 13,389 (notes)"
utah_trailheads,,,trailhead,high,"every point: UGRC's trailheads, 568 (notes)"
fpc_forest_park_trailheads,,,trailhead,high,"every point: the conservancy's 'Forest Park Trailheads' map, 19 points in its one folder 'Trail Heads' (notes)"
ota_trail_map,folder,Trailhead,trailhead,high,"Folder 'Trailhead', 72 of 161, each description 'Type = Trailhead' (notes); the map's 89 lines sit in other folders"
bmecc_trail_section_map,folder,Shelters,shelter,high,"Folder 'Shelters', 9 of 111 (notes)"
bmecc_trail_section_map,folder,Campsites,campsite,high,"Folder 'Campsites', 4 of 111 (notes)"
bmecc_trail_section_map,folder,Parking,parking,high,"Folder 'Parking', 20 of 111 (notes)"
bmecc_trail_section_map,folder,Vistas,viewpoint,high,"Folder 'Vistas', 34 of 111 (notes); its Springs (16) carry no potability field and map to nothing"
nbatc_shelters,,,shelter,low,"every point: 12 of 12 named '... Shelter' in NBATC_Shelters_000.kml (notes); low, last modified 2013-02-17"
mtsg_map_locations,icon,campgrounds,campsite,low,"icon 'campgrounds', 28 of 185 (notes), typed campsite as wave 1 types a campground; low, the trust's map categories overlap"
nps_api_campgrounds,,,campsite,high,"every item: the NPS Data API's /campgrounds, the Park Service's own list of its campgrounds, 665 nationally (notes)"
