gatc_mile,entry_starts,atc_layer,atc_name,evidence
0.2,Springer Mountain Shelter,shelters,Springer Mtn Shelter,"The same shelter; ATC writes Mountain as Mtn. 0.034 mi apart on ATC's axis (measured 2026-10-04, live layers)."
2.8,Stover Creek Shelter,shelters,Stover Creek Shelter,"The same shelter, name for name. 0.019 mi apart (2026-10-04)."
4.4,Three Forks,parking,Three Forks (USFS 42) Parking Area,"The Three Forks road crossing; ATC's lot sits 12 m off the centerline. 0.031 mi apart (2026-10-04)."
7.4,Hawk Mountain Tent sites,campsites,Hawk Mtn Campsite,"ATC's one campsite named for Hawk Mountain apart from the shelter's own. 0.407 mi apart (2026-10-04), past the bound, and the two may not be one place: GATC puts the water 0.4 mi W at the end of a blue blaze past the tent sites, and ATC's campsite sits 85 m off the centerline. Kept here so the check holds the source rather than vouching for it."
8.1,Hawk Mountain Shelter,shelters,Hawk Mtn Shelter,"The same shelter. 0.124 mi apart (2026-10-04)."
14.3,Justus Creek,campsites,Justus Creek Campsite,"The campsite at the creek crossing, 16 m off the centerline. 0.050 mi apart (2026-10-04)."
15.8,Gooch Shelter,shelters,Gooch Mtn Shelter,"Gooch Mountain Shelter, which GATC writes without Mountain. 0.102 mi apart (2026-10-04)."
20.7,Woody Gap,parking,Woody Gap (GA Rte 60) Parking Area,"The GA 60 crossing at Woody Gap; ATC's lot sits 13 m off the centerline. 0.122 mi apart (2026-10-04)."
23.9,Lance Creek,campsites,Lance Creek Campsite 1,"The campsite at the creek crossing, 41 m off the centerline. 0.045 mi apart (2026-10-04)."
27.7,Woods Hole Shelter,shelters,Woods Hole Shelter,"The same shelter, name for name. 0.101 mi apart (2026-10-04)."
31.3,Neel Gap,parking,"Walasi Yi Center (Neels Gap, US 19 & US 129) Parking Area","Neel Gap's US 19/129 crossing at the Walasi-Yi Center, where GATC's spigot is. 0.118 mi apart (2026-10-04)."
38.0,Whitley Gap Shelter,shelters,Whitley Gap Shelter,"The same shelter, 1,455 m off the centerline down its side trail. 0.140 mi apart (2026-10-04)."
38.2,Hogpen Gap,parking,Hog Pen Gap (GA Rte 348) Parking Area,"The GA 348 crossing; ATC writes Hog Pen as two words. 0.120 mi apart (2026-10-04)."
42.8,Low Gap Shelter,shelters,Low Gap Shelter,"The same shelter, name for name. 0.190 mi apart (2026-10-04)."
50.0,Spiring for Blue Mountain Shelter,shelters,Blue Mtn Shelter,"GATC's spring for Blue Mountain Shelter (its spelling), on the trail by the shelter. 0.307 mi apart (2026-10-04)."
58.1,Tray Mountain Shelter,shelters,Tray Mtn Shelter,"The same shelter. 0.328 mi apart (2026-10-04), the widest the bound passes."
65.6,Deep Gap Shelter,shelters,Deep Gap Shelter,"The Georgia shelter of that name, 337 m off the centerline. 0.176 mi apart (2026-10-04)."
73.7,Plum Orchard Shelter,shelters,Plumorchard Shelter,"The same shelter; ATC writes Plumorchard as one word. 0.221 mi apart (2026-10-04)."
