source_key,rule,field,matches,evidence
nps_oregon_nht,historic_alignment,,,"Oregon National Historic Trail, congressionally designated alignment (NPS): a National Historic Trail's designated alignment (pipeline/ELT.md, 'What wave 1's live reads found': ruts, swales and congressional routes, much of them on private land and roads, where NPS's own terms say 'Do not cross private land without permission')."
nps_california_nht,historic_alignment,,,"California National Historic Trail, congressionally designated alignment (NPS): a National Historic Trail's designated alignment (pipeline/ELT.md, 'What wave 1's live reads found': ruts, swales and congressional routes, much of them on private land and roads, where NPS's own terms say 'Do not cross private land without permission')."
nps_el_camino_tejas_nht,historic_alignment,,,"El Camino Real de los Tejas National Historic Trail, congressionally designated alignment (NPS): a National Historic Trail's designated alignment (pipeline/ELT.md, 'What wave 1's live reads found': ruts, swales and congressional routes, much of them on private land and roads, where NPS's own terms say 'Do not cross private land without permission')."
nps_pony_express_nht,historic_alignment,,,"Pony Express National Historic Trail, congressionally designated alignment (NPS): a National Historic Trail's designated alignment (pipeline/ELT.md, 'What wave 1's live reads found': ruts, swales and congressional routes, much of them on private land and roads, where NPS's own terms say 'Do not cross private land without permission')."
nps_mormon_pioneer_nht,historic_alignment,,,"Mormon Pioneer National Historic Trail, congressionally designated alignment (NPS): a National Historic Trail's designated alignment (pipeline/ELT.md, 'What wave 1's live reads found': ruts, swales and congressional routes, much of them on private land and roads, where NPS's own terms say 'Do not cross private land without permission')."
nps_santa_fe_nht,historic_alignment,,,"Santa Fe National Historic Trail, congressionally designated alignment (NPS): a National Historic Trail's designated alignment (pipeline/ELT.md, 'What wave 1's live reads found': ruts, swales and congressional routes, much of them on private land and roads, where NPS's own terms say 'Do not cross private land without permission')."
nps_trail_of_tears_nht,historic_alignment,,,"Trail of Tears National Historic Trail, congressionally designated alignment (NPS): a National Historic Trail's designated alignment (pipeline/ELT.md, 'What wave 1's live reads found': ruts, swales and congressional routes, much of them on private land and roads, where NPS's own terms say 'Do not cross private land without permission')."
nps_el_camino_tierra_adentro_nht,historic_alignment,,,"El Camino Real de Tierra Adentro National Historic Trail, congressionally designated alignment (NPS and BLM): a National Historic Trail's designated alignment (pipeline/ELT.md, 'What wave 1's live reads found': ruts, swales and congressional routes, much of them on private land and roads, where NPS's own terms say 'Do not cross private land without permission')."
nps_butterfield_overland_nht,historic_alignment,,,"Butterfield Overland National Historic Trail, congressionally designated alignment (NPS): a National Historic Trail's designated alignment (pipeline/ELT.md, 'What wave 1's live reads found': ruts, swales and congressional routes, much of them on private land and roads, where NPS's own terms say 'Do not cross private land without permission')."
nps_lewis_clark_nht,historic_alignment,,,"Lewis and Clark National Historic Trail, congressionally designated route (NPS): a National Historic Trail's designated alignment (pipeline/ELT.md, 'What wave 1's live reads found': ruts, swales and congressional routes, much of them on private land and roads, where NPS's own terms say 'Do not cross private land without permission')."
nps_old_spanish_nht,historic_alignment,,,"NPS's 1:500,000 feasibility-study alignment of the Old Spanish NHT (the row's title and notes): an alignment, not tread."
nps_butterfield_srs_route,historic_alignment,,,"A Special Resource Study route, not the designated alignment (the row's notes): an alignment, not tread."
nps_star_spangled_banner_nht,historic_alignment,,,"The item 'depicts the official driving route and water route': a road and water route, not a footpath (the row's notes)."
nps_captain_john_smith_nht,historic_alignment,,,"A WATER TRAIL, 'a water-based trail following the coastline of the Chesapeake Bay and its tributary rivers' (the row's notes): no tread."
nps_lewis_clark_water_trails,historic_alignment,,,"PADDLING ROUTES, not footpaths: 18 named water trails (the row's notes)."
nps_overmountain_victory_nht,historic_alignment,,,"The route as depicted in the 1982 Comprehensive Management Plan map supplement (the row's notes): an NHT's historic route, not tread."
nps_washington_rochambeau_nht,historic_alignment,,,"A DRIVING ROUTE, the item WARO_driving_route_Centerline (the row's notes)."
nps_anza_nht,historic_alignment,,,The 1775-1776 expedition's historic corridor centerline from the 1996 Comprehensive Management and Use Plan (the row's notes); nps_anza_recreation_trails is the walkable set and carries no such rule.
blm_old_spanish_nht_alignment,historic_alignment,,,"Seven route lines of the Old Spanish NHT (Northern Route, North Branch, Armijo Route; the row's notes): alignments, not tread; blm_old_spanish_nht_trails is the walkable set and carries no such rule."
chesapeake_cajo_complete,historic_alignment,,,"A WATER TRAIL built on NHD reaches, the Captain John Smith Chesapeake NHT (the row's notes): no tread."
nps_ala_kahakai_alanui_aupuni,historic_alignment,,,"Ala Kahakai NHT: Alanui Aupuni trail (NPS story-map layer): one of NPS's ALKA_Story_Maps line layers, 'Trail Data intended for the public and published story maps'; the trail's official geometry is a corridor polygon. Whether each line is open tread is not recorded on the row, so it is held as an alignment until a person reads it (@unvalidated)."
nps_ala_kahakai_kaawaloa,historic_alignment,,,"Ala Kahakai NHT: Ka'awaloa Trail (NPS story-map layer): one of NPS's ALKA_Story_Maps line layers, 'Trail Data intended for the public and published story maps'; the trail's official geometry is a corridor polygon. Whether each line is open tread is not recorded on the row, so it is held as an alignment until a person reads it (@unvalidated)."
nps_ala_kahakai_kiholo_puako,historic_alignment,,,"Ala Kahakai NHT: Kiholo-Puako Trail (NPS story-map layer): one of NPS's ALKA_Story_Maps line layers, 'Trail Data intended for the public and published story maps'; the trail's official geometry is a corridor polygon. Whether each line is open tread is not recorded on the row, so it is held as an alignment until a person reads it (@unvalidated)."
nps_ala_kahakai_kohala_hema,historic_alignment,,,"Ala Kahakai NHT: Kohala Hema trail (NPS story-map layer): one of NPS's ALKA_Story_Maps line layers, 'Trail Data intended for the public and published story maps'; the trail's official geometry is a corridor polygon. Whether each line is open tread is not recorded on the row, so it is held as an alignment until a person reads it (@unvalidated)."
octa_barlow_road_62,historic_alignment,,,"Barlow Road, atlas page 62 (OCTA): OCTA's mapping of an emigrant route, ruts, swales and traces, much of it on private land and roads (pipeline/ELT.md, 'What wave 1's live reads found')."
octa_barlow_road_63,historic_alignment,,,"Barlow Road, atlas page 63 (OCTA): OCTA's mapping of an emigrant route, ruts, swales and traces, much of it on private land and roads (pipeline/ELT.md, 'What wave 1's live reads found')."
octa_barlow_road_64,historic_alignment,,,"Barlow Road, atlas page 64 (OCTA): OCTA's mapping of an emigrant route, ruts, swales and traces, much of it on private land and roads (pipeline/ELT.md, 'What wave 1's live reads found')."
octa_barlow_road_65,historic_alignment,,,"Barlow Road, atlas page 65 (OCTA): OCTA's mapping of an emigrant route, ruts, swales and traces, much of it on private land and roads (pipeline/ELT.md, 'What wave 1's live reads found')."
octa_barlow_road_86,historic_alignment,,,"Barlow Road, atlas page 86 (OCTA): OCTA's mapping of an emigrant route, ruts, swales and traces, much of it on private land and roads (pipeline/ELT.md, 'What wave 1's live reads found')."
octa_bonneville_trail_1834_86,historic_alignment,,,"Bonneville Trail of 1834, atlas page 86 (OCTA): OCTA's mapping of an emigrant route, ruts, swales and traces, much of it on private land and roads (pipeline/ELT.md, 'What wave 1's live reads found')."
octa_corral_springs_tracks_2015,historic_alignment,,,"Corral Springs tracks, 2015 (OCTA): OCTA's mapping of an emigrant route, ruts, swales and traces, much of it on private land and roads (pipeline/ELT.md, 'What wave 1's live reads found')."
octa_hastings_cutoff_route,historic_alignment,,,"Hastings Cutoff route, OCTA map (OCTA): OCTA's mapping of an emigrant route, ruts, swales and traces, much of it on private land and roads (pipeline/ELT.md, 'What wave 1's live reads found')."
octa_klamath_fremont_trail_65,historic_alignment,,,"Klamath/Fremont Trail, atlas page 65 (OCTA): OCTA's mapping of an emigrant route, ruts, swales and traces, much of it on private land and roads (pipeline/ELT.md, 'What wave 1's live reads found')."
octa_klamath_fremont_trail_71,historic_alignment,,,"Klamath/Fremont Trail, atlas page 71 (OCTA): OCTA's mapping of an emigrant route, ruts, swales and traces, much of it on private land and roads (pipeline/ELT.md, 'What wave 1's live reads found')."
octa_lockhart_trail_route,historic_alignment,,,"Lockhart Trail route from paper maps (OCTA): OCTA's mapping of an emigrant route, ruts, swales and traces, much of it on private land and roads (pipeline/ELT.md, 'What wave 1's live reads found')."
octa_meek_trail_65,historic_alignment,,,"Meek Trail, atlas page 65 (OCTA): OCTA's mapping of an emigrant route, ruts, swales and traces, much of it on private land and roads (pipeline/ELT.md, 'What wave 1's live reads found')."
octa_meek_trail_71,historic_alignment,,,"Meek Trail, atlas page 71 (OCTA): OCTA's mapping of an emigrant route, ruts, swales and traces, much of it on private land and roads (pipeline/ELT.md, 'What wave 1's live reads found')."
octa_meek_trail_86,historic_alignment,,,"Meek Trail, atlas page 86 (OCTA): OCTA's mapping of an emigrant route, ruts, swales and traces, much of it on private land and roads (pipeline/ELT.md, 'What wave 1's live reads found')."
octa_molalla_young_trail_62,historic_alignment,,,"Molalla/Young Trail, atlas page 62 (OCTA): OCTA's mapping of an emigrant route, ruts, swales and traces, much of it on private land and roads (pipeline/ELT.md, 'What wave 1's live reads found')."
octa_molalla_young_trail_63,historic_alignment,,,"Molalla/Young Trail, atlas page 63 (OCTA): OCTA's mapping of an emigrant route, ruts, swales and traces, much of it on private land and roads (pipeline/ELT.md, 'What wave 1's live reads found')."
octa_naches_pass_trail,historic_alignment,,,"Naches Pass Trail, 2020 mapping (OCTA): OCTA's mapping of an emigrant route, ruts, swales and traces, much of it on private land and roads (pipeline/ELT.md, 'What wave 1's live reads found')."
octa_natcon_boardman_tracks_2016,historic_alignment,,,"Boardman tracks, 2016 (OCTA): OCTA's mapping of an emigrant route, ruts, swales and traces, much of it on private land and roads (pipeline/ELT.md, 'What wave 1's live reads found')."
octa_oregon_trail_71,historic_alignment,,,"Oregon Trail, atlas page 71 (OCTA): OCTA's mapping of an emigrant route, ruts, swales and traces, much of it on private land and roads (pipeline/ELT.md, 'What wave 1's live reads found')."
octa_oregon_trail_81,historic_alignment,,,"Oregon Trail, atlas page 81 (OCTA): OCTA's mapping of an emigrant route, ruts, swales and traces, much of it on private land and roads (pipeline/ELT.md, 'What wave 1's live reads found')."
octa_oregon_trail_85,historic_alignment,,,"Oregon Trail, atlas page 85 (OCTA): OCTA's mapping of an emigrant route, ruts, swales and traces, much of it on private land and roads (pipeline/ELT.md, 'What wave 1's live reads found')."
octa_oregon_trail_86,historic_alignment,,,"Oregon Trail, atlas page 86 (OCTA): OCTA's mapping of an emigrant route, ruts, swales and traces, much of it on private land and roads (pipeline/ELT.md, 'What wave 1's live reads found')."
octa_oregon_trail_87,historic_alignment,,,"Oregon Trail, atlas page 87 (OCTA): OCTA's mapping of an emigrant route, ruts, swales and traces, much of it on private land and roads (pipeline/ELT.md, 'What wave 1's live reads found')."
octa_oregon_trail_88,historic_alignment,,,"Oregon Trail, atlas page 88 (OCTA): OCTA's mapping of an emigrant route, ruts, swales and traces, much of it on private land and roads (pipeline/ELT.md, 'What wave 1's live reads found')."
octa_oregon_trail_89,historic_alignment,,,"Oregon Trail, atlas page 89 (OCTA): OCTA's mapping of an emigrant route, ruts, swales and traces, much of it on private land and roads (pipeline/ELT.md, 'What wave 1's live reads found')."
octa_polylines_oregon_trail_kml,historic_alignment,,,"Oregon Trail polylines from KML (OCTA): OCTA's mapping of an emigrant route, ruts, swales and traces, much of it on private land and roads (pipeline/ELT.md, 'What wave 1's live reads found')."
octa_whitman_longsegs_2020,historic_alignment,,,"Whitman Mission route long segments, 2020 (OCTA): OCTA's mapping of an emigrant route, ruts, swales and traces, much of it on private land and roads (pipeline/ELT.md, 'What wave 1's live reads found')."
blm_iditarod_nht,winter_trail,,,"'primarily a winter trail and many sections of the Trail are barely usable in the summer' (the Iditarod Trail Committee, quoted in the row's notes); much of it crosses frozen rivers and wetland."
dcr_roads_and_trails,drop_where,type,Public Road,"TYPE covers roads as well as trails: Trail 15,317, Forest Road/Trail 11,819, Public Road 6,764, Other 1,764 and Administrative Road 1,195 of the 36,859 rows (the trail-line read's own attribute pages, 2026-10-03; a string field with no domain). A public road is not a trail, so its lines are left out before anything draws them; DCR's own forest and administrative roads stay, since a hiker walks them."
