restriction,pattern,written_for,why
not_a_restriction,"\b(none stated|copyrighttext|accessinformation|licenseinfo)\b",dec_lands,"The registry's own labels for where each quoted text was read"
not_a_restriction,"\b(provided|provides these geographic data) (""as is""|'as is'|as is)( and ""as available""| and as available)?",mohonk_preserve_boundary,"A warranty disclaimer: says what the data is not promised to be, restricts nothing"
not_a_restriction,"\b(without|with no|no|any) (any )?(representation or )?(warranty|warranties|guarantees?)\b",nps_park_boundaries,"A warranty disclaimer"
not_a_restriction,"\b(makes|make|gives|give|provide|provides) no (claims|warranty|warranties)\b",trta_special_management_areas,"A warranty disclaimer"
not_a_restriction,"\b(shall|will|is|are) not (be )?(held )?(liable|responsible)\b|\bdisclaims\b|\bhold (\w+ ){0,6}harmless\b|\bindemnify\b|\bassumes? (no|the entire) (responsibility|risk)\b|\b(used and )?relied upon only at the user's sole risk\b|\b(you are|user is) (solely )?responsible\b|\bsole remedy\b",nps_park_boundaries,"A liability disclaimer: who answers for a misuse, not what use is allowed"
not_a_restriction,"\b(are|is) (neither|not) (legal documents|of survey quality|engineering quality drawings)( nor land surveys)?\b|\bnot (intended )?(to be used )?(for|as) (legal|engineering|survey(ing)?)( or (legal|engineering|survey(ing)?))? (purposes|documents)?\b|\bin no way intended for engineering or legal purposes\b|\bmay not have been prepared for or be suitable for\b|\b(are )?not intended to be used as such\b|\bmust not be used as such\b|\bnot to be used for describing actual or true property ownership\b|\bmay not have the necessary accuracy or completeness required\b|\brepresents only the approximate relative location\b",grsm_park_boundary_lines,"An accuracy or fitness disclaimer: the data is not a survey, an engineering drawing or a legal document"
not_a_restriction,"\bfor (general )?(information(al)?|reference|geographic reference|display) purposes( only)?\b|\bfor the information and convenience of the public\b|\bas a public service\b",ugrc_municipal_boundaries,"Says the data informs rather than certifies; restricts nothing about rendering it"
not_a_restriction,"\b(will|shall|should) (be )?(credit|cite|cited)\b|\bcredit/disclaimer\b|\bshould be cited as the data source\b",blm_public_lands_access_lines,"A credit requirement: every source row carries its `attribution`, and the sources mart prints it"
not_a_restriction,"\blicensed under a Creative Commons Attribution( \d(\.\d)?)?( International)?( License)?\b|\bCC0\b|\bCC BY( \d(\.\d)?)?([ .,;|)]|$)",ugrc_municipal_boundaries,"An open licence (CC0, CC BY): attribution only, which the row's `attribution` carries. Never CC BY-SA, -ND or -NC, which the pattern stops short of so that their own rows below read them"
not_a_restriction,"\bdistribution map\b|\bprovided for distribution\b|\bData Distribution Agreement\b|\bdistributed subject to the following conditions( and restrictions)?\b|\bfree of Copyright or Trademark claims or other restrictions or limitations\b|\bsubject to the copyright of trademark laws\b|\bnot state-authorized or endorsed\b|\breference to any specific commercial products\b|\bnor shall the act of distribution constitute\b",nj_high_elevation_points,"A title, a species map's name, or a note on third-party rights or endorsement: not a bar on this use"
commercial,non-?commercial use,wi_dnr_fire_danger,"""The material is for the noncommercial use of the general public"": a bar on commercial use, which decision 36 answers"
commercial,\bsale of\b([^.]*\bprohibited\b)?,king_county_parks_alerts_points,"""Any sale of this map or information on this map is prohibited"": a bar on selling, which decision 36 answers"
commercial,\bmay not be sold\b,,"California State Parks' ""may not be sold or altered"" (pipeline/ELT.md, ""Who may publish"", rule 5): decision 36"
commercial,\b(for profit|commercial (use|purposes?)|resale|resell\w*)\b,,"Profit, sale or commercial use barred: decision 36's own words for the batch it answered"
no_reuse,\bnot intended for re-?use\b,wi_dnr_park_closures,"""It is not intended for reuse"": a refusal of reuse in the layer's own words, which decision 37 answers on a public GIS endpoint"
no_reuse,\bnot for (re)?distribution\b,,"Decision 37's own words (""not for distribution""), and DEC's clearinghouse items' (decisions 20 and 22)"
no_reuse,\b(do not|may not|must not|shall not) (be )?(re)?distribut\w*,,"OPRHP's ""Do not redistribute"" (decisions 20 and 22)"
no_reuse,\bsecondary distribution\b([^.]*\bnot allowed\b)?,,"DEC's clearinghouse licenseInfo, ""Secondary Distribution of the data is not allowed"" (decisions 20 and 22)"
no_reuse,\binternal (use|informational purposes)\b,,"Decision 37's ""internal use"", and WTA's ""used solely for internal informational purposes"" (decision 55)"
no_reuse,\ball rights reserved\b,,"Decision 37's ""all rights reserved"""
no_reuse,\b(a )?(product and )?property of\b,cpw_bear_conflict_areas,"""a product and property of Colorado Parks and Wildlife"": an ownership claim, which cpw_bear_conflict_areas' row answers with decision 37"
no_reuse,\bmay not be (reproduced|copied|redistributed)( or (reproduced|copied|redistributed))?,njdep_park_status,"NJDEP's ""may not be reproduced or redistributed without all the metadata provided"": decision 55 for a notice, njdep_licence's reading for its GIS layers"
no_reuse,\bfair use (guidelines )?(of )?(the )?(U\.S\. )?(copyright statutes? )?(apply|applies)?,wi_dnr_fire_danger,"""The fair use guidelines of the U.S. copyright statutes apply"": copying past fair use is not granted, which decision 55 answers for a notice"
permission,\b(written|prior|express) permission\b,king_county_parks_alerts_points,"""except by written permission of King County"", and AZT's ""requires written permission"" (decision 55)"
permission,\bwithout (the )?(prior )?(written )?permission\b,,"Copying conditional on asking first, which decision 55 answers for a notice's facts and link"
purpose_limited,"\bfor (demonstration|education|educational|planning|monitoring|administrative|internal|non-?profit)\b[^.]*\bpurposes only\b",nps_park_boundaries,"""should be used for administrative purposes only"", and PA DCNR's Explore PA Trails, ""intended for demonstration, education, planning, and monitoring purposes only"" (pipeline/ELT.md, rule 5's example of words no decision names)"
purpose_limited,"\bfor (\w+ ){0,6}purposes only\b",grsm_park_boundary_lines,"A use limited to named purposes (""for display and general GIS analysis purposes only""), read as a restriction rather than guessed to include ours"
purpose_limited,"\bintended for use in (\w+ ){0,8}only\b",wi_dnr_park_closures,"""intended for use in Wisconsin DNR applications displaying property notices and closures only"""
purpose_limited,\b(for the sole purpose of|solely for)\b,ttc_management_areas,"""for the sole purpose of geographic reference"": read as limiting the use to a purpose, which no decision names for this layer"
condition,\bshare-?alike\b|\bCC BY-SA\b,,"Vermont ANR's CC BY-SA (decision 38): a share-alike notice travels with derived files"
condition,\b(any reproduction or manipulation of the above data must ensure that the )?coordinate reference system remains intact\b,nj_high_elevation_points,"The NJDEP Data Distribution Agreement's first condition, which njdep_licence's reading carries"
condition,\bwithout all the metadata( provided)?\b,njdep_park_status,"The NJDEP Data Distribution Agreement's second condition, which njdep_licence's reading carries and decision 55 answers for a notice"
condition,\bshould describe the types of modifications\b|\bshould not misrepresent the data\b,blm_public_lands_access_lines,"BLM's ""Any Users wishing to modify the data should describe the types of modifications they have performed. The User should not misrepresent the data"": conditions on a derived product, which decision 38 or a public-domain reading answers"
condition,\bdisclaimer is shown\b|\bnot (be )?credited below\b|\bzooms? (at or )?coarser\b,,"Decision 38's named conditions: RIDEM's disclaimer, SanGIS's credit scale, the NHT zoom limit"
cannot_be_met,\bnot intended for (trip )?planning\b|\bnot (to be used|intended) for navigation\b,,"The Pacific Northwest Trail line's ""not intended for trip planning"": decision 38 rules that a condition a hiker's planning tool cannot meet holds its layer, so no answer row exists for it"
cannot_be_met,\bno derivatives?\b|\bCC BY-ND\b|\bNoDerivatives\b,,"A bar on derived works: tiling and simplifying are derived works, and no decision names it"
cannot_be_met,\bCC BY-NC\b|\bAttribution-NonCommercial\b,,"A Creative Commons non-commercial licence: decision 36 answered layers that bar profit in their own words, not this licence's terms, which a person reads before anything publishes under it"
unclassified,"\b(may not|must not|shall not|should not|not to be used|prohibit\w*|permission|restrict\w*|not intended|rights reserved|distribut\w*|reproduc\w*|commercial|sale|sold|licen[cs]\w*|internal|solely|sole|only|copyright|trademark|must|required|requires)\b",,"The backstop, read on what is left once every phrase above is cut out: a restriction-shaped word nobody has classified holds the row until a person adds the phrase that explains it, so a wording this seed has not met is never published by default"
