source_key,states,evidence
blm_fire_restrictions_alaska_fire_service,AK,"URL path '/regional-info/alaska-fire-service/fire-restrictions'; registry title 'BLM Alaska fire restrictions' (the landed title, 'Fire Restrictions', names no state)"
blm_fire_restrictions_arizona,AZ,"URL path '/regional-info/arizona/fire-restrictions'; landed title 'Arizona Fire Restrictions'"
blm_fire_restrictions_california,CA,"URL path '/regional-info/california/fire-restrictions'; landed title 'California Fire Information and Fire Restrictions'"
blm_fire_restrictions_colorado,CO,"URL path '/regional-info/colorado/fire-restrictions'; landed title 'Colorado Fire Restrictions & Closures'"
blm_fire_restrictions_idaho,ID,"URL path '/regional-info/idaho/fire-restrictions'; landed title 'Idaho Fire Restrictions'"
blm_fire_restrictions_montana,MT,"URL path '/regional-info/montana/fire-restrictions'; landed title 'Montana Fire Restrictions'"
blm_fire_restrictions_new_mexico,NM,"URL path '/regional-info/new-mexico/fire-restrictions'; landed title 'New Mexico Fire Restrictions'"
blm_fire_restrictions_north_dakota,ND,"URL path '/regional-info/north-dakota/fire-restrictions'; landed title 'North Dakota Fire Restrictions'"
blm_fire_restrictions_oregon_washington,OR WA,"URL path '/regional-info/oregon-washington/fire-restrictions'; landed title 'Oregon/Washington Fire Closures & Restrictions': one page for both states"
blm_fire_restrictions_south_dakota,SD,"URL path '/regional-info/south-dakota/fire-restrictions'; landed title 'South Dakota Fire Restrictions'"
blm_fire_restrictions_utah,UT,"URL path '/regional-info/utah/fire-restrictions'; landed title 'BLM Utah Fire Restrictions'"
blm_fire_restrictions_wyoming,WY,"URL path '/regional-info/wyoming/fire-restrictions'; landed title 'Wyoming Fire Restrictions'"
ct_deep_parks_emergency_message,CT,"Host 'portal.ct.gov' and path '/deep/state-parks/emergency-message---parks'; registry note 'Where a statewide parks closure would appear'"
