source_key,status_value,reads_as,why
usfs_r06_fire_closure_points,Active,closes_trail,"An active fire closure order: the area, line or point is closed (the extraction keeps only ClosureStatus 'Active')"
usfs_r06_fire_closure_lines,Active,closes_trail,"As usfs_r06_fire_closure_points"
usfs_r06_fire_closure_areas,Active,closes_trail,"As usfs_r06_fire_closure_points"
usfs_r01_kootenai_inaccessible,Inaccessible,closes_trail,"The one value the inventory read, on a road and trail status layer: a line nobody can get through"
usfs_rec_opportunities_status,open,not_current,"Kept out at extraction too (`where` openstatus NOT IN ('open', 'none'))"
usfs_rec_opportunities_status,none,not_current,"As above"
nps_grca_closures,Closed,closes_trail,"The sample row: 'River Trail', status Closed, 'Closed until further notice'"
nps_yell_bear_management_areas,Closed,closes_trail,"A bear management area's seasonal closure, read inside its ClosureDate_Begin to ClosureDate_End"
grsm_trails_access,Closed,closes_trail,"ACCESS Closed 12 of 549 (the row's notes): closed trails"
grsm_trails_access,Open,not_current,"Kept out at extraction too (`where` ACCESS <> 'Open')"
usace_sam_closed_rec_areas,Closed,closes_trail,"'TRAIL SECTION CLOSED', Laurel Ridge Trail (the row's notes)"
usace_sam_closed_rec_areas,Temporary Closure,closes_trail,"One of projectAreaStatus's four values (the row's notes)"
usace_sam_closed_rec_areas,Open,not_current,"One of projectAreaStatus's four values: nothing to tell a hiker"
cdpr_park_unit_status,Full Closure,closes_trail,"A park unit closed whole; read only before its StatusReopenDate (phase C's rule on CDPR)"
cdpr_park_unit_status,OPEN,not_current,"OPEN 246 of 281 (the row's notes)"
king_county_parks_alerts_points,Full Closure,closes_trail,"AlertType's closure value; Closure with Detour and Intermittent Closure leave a way through, so they stay warnings"
king_county_parks_alerts_lines,Full Closure,closes_trail,"As king_county_parks_alerts_points"
king_county_parks_alerts_areas,Full Closure,closes_trail,"As king_county_parks_alerts_points"
midpen_preserve_access,Closed,closes_trail,"ACCESS Closed 133 of 195: closed to the public, most of them standing closed areas (the row's notes)"
midpen_preserve_access,Open,not_current,"ACCESS Open 60 of 195"
tdec_trail_closures,Temporarily Closed,closes_trail,"TRSTAT 'Temporarily Closed' 21 of 22 (the row's notes)"
tdec_trail_closures,Closed Repairs,closes_trail,"TRSTAT 'Closed Repairs' 1 of 22"
ctsst_public_hazards_closures,C,closes_trail,"H_C 'C' is a closure, 'H' a hazard (the row's notes)"
fta_fnst_closed_segments,Closed,closes_trail,"3 closed of 745 segments (the row's notes)"
fta_fnst_closed_segments,Open,not_current,"Kept out at extraction too (`where` Open_Statu <> 'Open')"
njdep_wma_restrictions,Closed,closes_trail,"TYPE Closed 20 of 206 (the row's notes), read inside SDATE to EDATE"
njdep_park_status,Open,not_current,"Status Open 51 of 53; the two Closed rows are historic houses, park-level and never trail-level, so Closed is not read as closing a trail"
njdep_fire_danger,N,not_current,"RECFIRE_RESTRICTION 'N' on all 3 divisions: a warning only when a restriction is set (the row's notes)"
ct_deep_property_access_status,Open,not_current,"STATUS Open 384 of 385 access points"
wa_rco_trailhead_status,open,not_current,"trailhead_status open 89 of 202"
cdtc_alert_points,No,not_current,"Active No: the club's own flag says the alert is not current"
cdtc_alert_lines,No,not_current,"As cdtc_alert_points"
cdtc_area_closures,No,not_current,"As cdtc_alert_points"
cdtc_reroutes,No,not_current,"Active No 22 of 30 (the row's notes)"
wi_dnr_park_closures,No,not_current,"Active_Flag No: Wisconsin DNR's own flag (every row read Yes on 2026-10-03)"
iata_trail_conditions,no,not_current,"posted no 57 of 80: the club has not posted it (the row's notes)"
iata_trail_conditions,pending,not_current,"posted pending 2 of 80: not yet posted"
utah_ffsl_fire_restrictions,Rescinded,not_current,"Kept out at extraction too (`where` Status NOT IN ('Rescinded', 'Superseded'))"
utah_ffsl_fire_restrictions,Superseded,not_current,"As above"
ptny_est_closures,Closed,closes_trail,"trail_stat 'Closed' 9 of 9 (the row's notes, read live 2026-10-08): a view that shows only the Empire State Trail's closed sections"
ptny_est_closures,Open,not_current,"One of trail_stat's four domain values (the row's notes); the view serves none, and an open section tells a hiker nothing"
