source_key,title,category,status,starts,ends,rescinded,edited,link,locality,why
usfs_rec_opportunities_status,recareaname,openstatus,openstatus,,,,,recareaurl,forestname,"No date field (the row's notes): a closed row's age is unknown. openstatus is the category too (decision 78), the Forest Service's own word as it sends it: closed 2,694, temporarily closed 305, unreachable 67, not cleared 34, unknown 23 under the row's `where`, read against the live layer 2026-10-05"
usfs_r03_fire_restrictions,ordername,ordertype,,startdate,enddate,rescinddate,,hyperlink,forestname,"The ForestOrder schema: an order ends on enddate or when rescinddate is set"
usfs_r03_forest_orders,ordername,ordertype,,startdate,enddate,rescinddate,,hyperlink,forestname,"As usfs_r03_fire_restrictions"
usfs_r04_forest_orders,ordername,ordertype,,startdate,enddate,rescinddate,pub_date,hyperlink,forestname,"Standing orders run to 2099-12-31 (the row's notes), so an end date alone is not recency"
usfs_r06_fire_closure_points,ClosureOrderName,FireName,ClosureStatus,ClosureStartDate,ClosureEndDate,,,ClosureURLlink,ForestUnit,"Of 938 Active lines, 112 carried a ClosureEndDate before 2026-10-03 (the row's notes): the end date is read beside the status"
usfs_r06_fire_closure_lines,ClosureOrderName,FireName,ClosureStatus,ClosureStartDate,ClosureEndDate,,,ClosureURLlink,ForestUnit,"As usfs_r06_fire_closure_points; RouteName is the trail, kept in base"
usfs_r06_fire_closure_areas,ClosureOrderName,FireName,ClosureStatus,ClosureStartDate,ClosureEndDate,,,ClosureURLlink,ForestUnit,"As usfs_r06_fire_closure_points"
usfs_r09_superior_closures,SITE_NAME,Closure_Type,,Posted_Date,ExpireDate,,,WebSite,,"Closure_Type is a category, not a status (the row's notes)"
usfs_r01_bmwc_trail_closures,NAME,,Trail_Status,,,,,,,"Trail_Status's values were not read (the row's notes), so none is mapped to closed"
usfs_r01_kootenai_inaccessible,ID,,Status,,,,,,,"Status 'Inaccessible' is the one value the inventory read"
usfs_forest_closure_area,Name,,,,,,,,,"Name and Acres only"
usfs_baer_assessments,baer_name,,,ig_date,,,,,forest_names,"etl_modified_date is a load stamp, not a row's edit (the row's notes), so it is not read as one"
usfs_r08_prescribed_burns,BURN_BLOCK_NAME,BURN_TYPE,BURN_STATUS,,DATE_COMPLETED,,,,ORG,"BURN_STATUS is filtered at extraction to In Progress and Planned for 1-10 days"
nps_grca_closures,name,,status,,,,last_edi_1,IRMA_URL,,"`dates` is the park's own wording ('Until further notice') and stays in base"
nps_seki_closures,FullName,Closure_Type,,,,,LastEditDate,,UnitName,"IsPublic and IsVisible were not read (the row's notes), so neither is a status here"
nps_yose_trail_closures,trail,,,starttime,endtime,,EditDate,,,"Every row is a dated closure; endtime is the end (the row's notes)"
nps_yose_fire_restrictions,MAPLABEL,RESTRICTSTAGE,,,,,EDITDATE,,Zone,"PUBLICDISPLAY's values were not read"
nps_yell_bear_management_areas,NAME,,Status,ClosureDate_Begin,ClosureDate_End,,,,,"Seasonal closures by date (the row's notes)"
nps_appa_helene_status,,,HeleneStatus,,,,,,,"HeleneStatus's values were not read; the ground is ATC's notices' too"
grsm_trails_access,TRAILNAME,,ACCESS,,,,EditDate,,,"ACCESS Open 523, Closed 12, Caution 10, Warning (Bears) 3 (the row's notes)"
blm_shooting_points,NAME,TYPE_OF_RANGE_,CURRENT_STATUS,,,,,,DISTRICT,"CURRENT_STATUS's values were not read"
blm_or_rec_site_status,Status__RecSiteName,Status__RecreationSiteType,Status__CurrentRecSiteStatus,,,,,Status__WebLink,Status__District,"A site's status, never a trail's"
fws_hunt_units,Hunt_Unit_Name,,Huntable,,,,,Hunting_Website,Organization_Name,"Huntable is a standing rule, not a closure"
usace_garrison_hunting_restrictions,AreaName,Restriction,,,,,,,Section,"No dates: the year lives in the service name"
usace_sam_closed_rec_areas,featureName,,projectAreaStatus,,,,last_edited_date,,recProjectSiteName,"projectAreaStatus Closed|Open|Partially Closed|Temporary Closure (the row's notes)"
usgs_pwfdf_assessments,fire,,status,start_date,,,assessment_date,download_url,location,"`status`'s vocabulary was not read (the row's notes)"
nifc_wfigs_current_perimeters,poly_IncidentName,,,,,,attr_ModifiedOnDateTime_dt,,,"Current by construction (the row's notes)"
odfw_orham_alert_areas,alert_title,,alert_enabled,alert_start,alert_end,,last_edited_date,,WMU_Name,"alert_enabled's values were not read"
cdpr_park_unit_status,UNITNAME,closure_reason,Status,,StatusReopenDate,,EditDate,,,"OPEN 246, Partial Closure 24, Full Closure 10, Potential Closure 1 (the row's notes); StatusReopenDate is when a closure ends"
king_county_parks_alerts_points,Title,AlertType,AlertType,StartDate,EndDate,,EditDate,URL,,"AlertType is the only status-like field: Full Closure|Closure with Detour|Intermittent Closure|Construction|Hazard|Maintenance|Other"
king_county_parks_alerts_lines,Title,AlertType,AlertType,StartDate,EndDate,,EditDate,URL,,"As king_county_parks_alerts_points"
king_county_parks_alerts_areas,Title,AlertType,AlertType,StartDate,EndDate,,EditDate,URL,,"As king_county_parks_alerts_points"
midpen_preserve_access,PRESERVE,CLOSETYPE,ACCESS,,,,last_edited_date,,,"ACCESS Closed 133, Open 60, Permit Only 2 (the row's notes)"
scc_parks_closed_areas,park_name,closure_type,,,,,last_edited_date,,,"Standing closures of unopened land, not dated notices"
ma_dcr_park_alerts,PAdv_HeaderText,ParkAlertType,FACILITY_APPROVAL_STATUS,PAdv_StartDT,PAdv_EndDT,,,,PARK_SITE,"ParkAlertType Closure|Advisory is a category; PAdv_StartDT and PAdv_EndDT are ISO strings"
ma_dcr_blue_hills_hunt_areas,AreaName,,,,,,,,,"No status field (the row's notes)"
wa_dnr_wildfire_danger,FIREDANGER_AREA_NM,FIRE_DANGER_LEVEL_NM,,,,,,,DNR_REGION_NAME,"No date field (the row's notes)"
wa_dnr_ifpl,ZONE,FIRE_PRECAUTION_LEVEL,,FIRE_PRECAUTION_EFFECTIVE_DT,,,EDIT_DT,,,"A precaution level by zone"
wsprc_winter_rec_closures,Name,,,,,,,,,"Name and GlobalID only (the row's notes)"
utah_ffsl_fire_restrictions,OrderNum,RestrictionType,Status,EffectiveDate,,RescindedDate,,Link,Short_AreaDescription,"Rescinded and Superseded are filtered at extraction"
tdec_trail_closures,TR_NAME,,TRSTAT,,,,EditDate,,SEGMNT_NAM,"TRSTAT Temporarily Closed 21, Closed Repairs 1 (the row's notes): the public view holds only closed segments"
portland_parks_closed_assets,Name,,,,,,,Website,,"No edit date (the row's notes)"
ctsst_public_hazards_closures,Hazard,,H_C,,,,,,Location,"H_C 'C' (closure) 2, 'H' (hazard) 2 (the row's notes)"
alaska_trails_obstacles,Name,Type,,,,,,,,"Planning records: Type BridgeNeeded(Impassable), BridgeNeeded(Passable), RiverFord"
alaska_trails_seward_obstacles,Name,Type,,,,,,,,"As alaska_trails_obstacles"
iata_trail_conditions,heading,,posted,date_posted,,,date_updated,hyperlink,segment_name,"posted yes 21, no 57, pending 2 (the row's notes): the club's own flag"
iata_hunting_closures,Segment,,GunDeer,,,,,,,"A season closure with no season dates in the layer (the row's notes)"
iata_lands_hunting_regs,Display_Name,Hunting_Reg,,,,,,,County,"Standing rules with no season dates"
fltc_temporary_notices,Notice,,Status,,,,EditDate_1,Link,Map,"Status's values were not read (the row's notes)"
fltc_seasonal_closures,Descrip,,,,,,Date_Modif,,Map,"No active flag and no season dates (the row's notes)"
fltc_hunting_bypasses,Descrip,,,,,,Date_Modif,,,"A bypass route"
fta_fnst_closed_segments,Trail_Name,,Open_Statu,,,,Last_Edi_1,,Manager_Na,"745 segments, 3 closed (the row's notes); the layer is filtered to Open_Statu other than Open"
cdtc_alert_points,Name,Type,Active,,,,,Website2,,"Type Alert|Closure and Active Yes|No (the row's notes)"
cdtc_alert_lines,Name,Type,Active,,,,,Website2,,"As cdtc_alert_points"
cdtc_area_closures,Name,,Active,,,,,,,"Date is null on the sample (the row's notes)"
cdtc_reroutes,Name,,Active,,,,last_edited_date,Website2,,"A reroute is a warning with a line, not a closure (decision 7)"
cdtc_national_defense_area,Name,,,,,,,,,"A standing hazard"
ncta_trail_alerts,label,,,,,,Date,,Location,"No status or expiry field (the row's notes); Date is the alert's own"
ncta_ice_storm_impacts,name,,,,,,,,,"Fields name and alert only"
pcta_fires_and_closures,Closure_Name,Type,,,,,,,Agency_Unit,"No active flag and no dates (the row's notes)"
pcta_closure_lines,Label_Text,Type,,,,,,,,"Type is a symbol name (the row's notes)"
mohonk_deer_zones,Zone_Name,,,,,,,,,"Zones, with no season dates"
nysdec_hab_reports,water_name,extent_bloom,HAB_STATUS,date_time,,,STATUS_DATE,Weblink,county,"A water hazard: HAB_STATUS (e.g. Confirmed) is the bloom's, never a trail's"
nysdec_big_game_seasons,UNIT,,,,,,,,,"Season windows are text per unit (the row's notes), not read here"
oprhp_hunting_areas,Name,Description,,,,,last_edited_date,Website,Unit,"Hunting 1 'Hunting area', 2 'Restricted Area/Safety Zone' (the row's notes)"
njdep_park_status,ParkName,,Status,,,,EditDate,Facility_URL,Region,"Park-level, never trail-level (the row's notes): Status Open 51, Closed 2"
njdep_wma_restrictions,WMA,CATEGORY,TYPE,SDATE,EDATE,,,,,"TYPE Closed 20, Restricted Use 186 (the row's notes)"
njdep_fire_danger,DIVISION_LABEL,FIRE_DANGER,RECFIRE_RESTRICTION,,,,EditDate,,,"A warning only when a restriction is set (the row's notes)"
njdep_rx_burn_notifications,GIS_PARCEL,,NOTIFY_STATUS,BURN_DATE,,,,,MUN,"0 rows on 2026-10-03, a proven zero"
wi_dnr_park_closures,Closure_Name,Impact,Active_Flag,,Exp_End_Date,,EditDate,PDF_URL,Property,"All 75 rows Active_Flag Yes on 2026-10-03 (the row's notes); Reason is the club's wording and stays in base"
wi_dnr_fire_danger,COUNTY_NAME,DANGER_RATING_NAME,NO_BURN_FLAG,,,,LAST_CHANGED_DATE,,,"72 counties, all LOW on 2026-10-03"
ct_deep_property_access_status,ACCSS_NAME,,STATUS,,,,,LINK,PROPERTY,"An access point's status, never a trail's: Open 384, Closed 1 (the row's notes)"
wa_rco_trailhead_status,trailhead_name,,trailhead_status,,,,,information_url,county,"A trailhead's status, never a trail's: open 89, construction 6, seasonal 6, closed 1 (the row's notes)"
cotrex_seasonal_closures,Name,Type,,Start_Date,End_Date,,,URL,Agency,"Start_Date and End_Date are DateOnly, last season's beside a recurring Closure_Period (pipeline/ELT.md, status rule 4)"
cpw_bear_conflict_areas,'Black bear conflict area','Wildlife conflict area',,,,,EDIT_DATE,,,"Worded by decision 95 (the maintainer's poll, 2026-10-06): the layer's only title field, ACTIVITYCO, read the code BBHCA on all 613 rows read live on 2026-10-06. 'Conflict area' is CPW's own term, and neither title nor category says an animal is there now (the layer was last edited 2026-05-07)"
cpw_lion_conflict_areas,'Mountain lion conflict area','Wildlife conflict area',,,,,EDIT_DATE,,,"As cpw_bear_conflict_areas: ACTIVITYCO read MLHCA on all 266 rows read live on 2026-10-06"
ptny_est_closures,trail_name,,trail_stat,,,,,,,"trail_stat 'Closed' on all 9 of the view's lines, from a domain of Open, Under Construction, Improvements Planned and Closed; trail_name is a single space on 7 of the 9, which so have no title; no date, reason or link field (the row's notes, read live 2026-10-08)"
oprhp_est_under_construction,ParentLegName,,,,,,,,,"The leg each work zone sits on, 'Erie Canalway Trail (Rome to Utica)' on both polygons; the work itself is named only in Description, the layer's prose, which stays in base (decision 55); no status, date or link field (the row's notes, read live 2026-10-08)"
mo_state_parks_trail_advisories,ROUTE,,STATUS,START_DATE,END_DATE,,LAST_EDITED_DATE,URL,,"STATUS from a domain of Closed, Caution and Archived, and null on one row; START_DATE and END_DATE are dates; ROUTE names the trail (Katy or Rock Island), FROM_MM and TO_MM its miles; URL and LAST_EDITED_DATE are null on all 4 rows today (the row's notes, read live 2026-10-09)"
mo_state_parks_katy_trailheads,DESCRIPTION,POINT_TYPE,STATUS,START_DATE,END_DATE,,LAST_EDITED_DATE,,TRAIL_NAME,"Each trailhead's own STATUS from a domain of Closed, Caution and Open; DESCRIPTION is the trailhead's name, TRAIL_NAME the Katy Trail's section; URL ('More Info') holds words, not a link, on its one filled row, so no link is named (the row's notes, read live 2026-10-09)"
idpr_emergency_route_closures,NAME,,,DateStart,Date_Order_Expires,,EditDate,URL_1,JURISDICTION,"No status field: every row is a closure. DateStart and Date_Order_Expires are text ('12/18/2025', 'Indefinite', 'Unknown'), which notice_instant() reads as month/day/year and leaves null where it is words; DateEnd ('12/31/2026 unless rescinded') is not named because its dates carry words. URL_1 is a link on 48 of 51 rows; JURISDICTION is the land manager (the row's notes, read live 2026-10-09)"
idpr_area_restrictions,Restricted_Area_Name,Restricted_Area_Type,,Date_Start,Date_Order_Expires,,EditDate,URL_1,JURISDICTION,"No status field; Restricted_Area_Type (16 values, closures and restrictions both) is the category. Date_Start and Date_Order_Expires are text as on idpr_emergency_route_closures ('Year-round', '3/26/2027 (annual renewal expected)' read as null). URL_1 is a link on all 20 rows (the row's notes, read live 2026-10-09)"
mi_dnr_trail_temporary_closures,TrailNamePrimary,TrailUseCategory,OpenClosedStatusNonmotor,,,,last_edited_date,,County,"OpenClosedStatusNonmotor is the status a hiker reads: '-1' (the domain's 'Unspecified') 125 and six 'Temporarily Closed' values 82; the layer's other two status fields are for ORV and snowmobile use. No start, end or link field (the row's notes, read live 2026-10-09)"
mi_dnr_trail_temporary_reroutes,TrailNamePrimary,TrailUseCategory,OpenClosedStatusNonmotor,,,,last_edited_date,,County,"As mi_dnr_trail_temporary_closures: OpenClosedStatusNonmotor 'Temporarily Open Reroute' 2, '-1' 8, null 1 on the 11 reroutes read live 2026-10-09"
mi_dnr_burn_permits,LABEL,,STATUS,,,,PullStamp,,REG_NAME,"LABEL is the county; STATUS is a small integer, 0 to 3, for which the layer publishes no legend, so no value is read as anything; PullStamp is one time on all 83 rows, when the status was pulled (the row's notes, read live 2026-10-09)"
vtrans_rail_trail_closures,displayName,,isActive,startDate,endDate,,last_edited_date,hyperlink,town,"isActive is the agency's own flag (coded 0 No, 1 Yes, -1 Unknown; 1 on 1 of 20); noticeType is 2 ('Closure - Complete') on every row, a code, so it is not the category; hyperlink is null on all 20 (the row's notes, read live 2026-10-09)"
vtrans_rail_trail_warnings,displayName,,isActive,startDate,endDate,,last_edited_date,hyperlink,town,"As vtrans_rail_trail_closures: isActive 1 on 2 of the 17 read live 2026-10-09; noticeType 6 ('Warning') 12, 7 ('Trail Under Construction') 4, 1 ('Other') 1, codes"
fl_state_parks_day_use_status,SITE_NAME,,PARK_STATUS,,,,EditDate,,COUNTY,"PARK_STATUS from a domain of Open and Closed-<reason>: Open 141, 'Closed-Hurricane/Tropical Storm' 35 on 2026-10-09; HYPERLINK holds an HTML anchor rather than a bare link, so no link is named (the row's notes)"
fl_state_parks_campground_status,SITE_NAME,,CAMPGROUND_STATUS,,,,EditDate,,COUNTY,"CAMPGROUND_STATUS: 'No Campground' 120, Open 42, 'Closed-Hurricane/Tropical Storm' 14, 'Closed-Construction/Repair' 8 on 2026-10-09; HYPERLINK holds an HTML anchor, so no link is named (the row's notes)"
ngpc_cowboy_trail_improvements,,Condition,Road_Status,,,,EditDate,,From_,"No title field: a section is named by its ends, From_ and To_. Road_Status ('Trail Status': Open 25, Closed 2, 'Alt Route' 2) is the status and Condition (15 values) the category; one row reads Road_Status 'Open' with Condition 'Not Passable' (the row's notes, read live 2026-10-09)"
oprd_hunting_areas,FULL_NAME,HUNTING_ALLOWED,,,,,EDITDATE,,NAME,"No status or season field: HUNTING_ALLOWED (Yes 60, No 28, 'Proposed Opening' 1) is the category, as decision 67's hazard areas read a category; FULL_NAME is the park's ('Mayer State Park'); RETIREDATE is null on all 89 and not named (the row's notes, read live 2026-10-09)"
ngpc_deer_management_units,UnitName,,,,,,,Hunting_Li,,"UnitName is the unit's name; Hunting_Li is the commission's hunting guides page on all 18; no status, date or season field (the row's notes, read live 2026-10-09)"
ngpc_elk_hunting_units,UnitName,,,,,,,Hunting_Li,,"As ngpc_deer_management_units: 16 units read live 2026-10-09"
ngpc_antelope_hunting_units,UnitName,UnitType,,,,,,Hunting_Li,,"UnitType ('Antelope Firearm' 10, 'Antelope Late Firearm' 9, 'Antelope Muzzleloader' 2) is the category; no status, date or season field (the row's notes, read live 2026-10-09)"
ngpc_mountain_lion_hunting_units,UnitName,,,,,,,Hunting_Li,,"As ngpc_deer_management_units: 3 units read live 2026-10-09; Hunting_Li is null on one"
ngpc_bighorn_sheep_hunting_units,UnitName,,,,,,,Links,,"The one unit, PINE RIDGE; its link field is named Links on this layer (the row's notes, read live 2026-10-09)"
nys_canal_trail_condition,,Condition,,,,,,,,"No title, date or link field: Condition (Good 308, Fair 316, Poor 140) is the category, from a 2022 field survey; RID is a route code a hiker cannot read, so nothing is named for a title or a place (the row's notes, read live 2026-10-09)"
