source_key,club,notice_type,reader,listing,raw_table,staged_by
alaska_trails_obstacles,alaska_trails,warnings,arcgis_layer,full,raw_alaska_trails__alaska_trails_obstacles,stg_alaska_trails__alaska_trails_obstacles
alaska_trails_seward_obstacles,alaska_trails,warnings,arcgis_layer,full,raw_alaska_trails__alaska_trails_seward_obstacles,stg_alaska_trails__alaska_trails_seward_obstacles
atc_trail_updates,atc,closures,reviewed_file,full,raw_atc__atc_trail_updates,hand
atc_trail_updates,atc,closures,atc_trail_update_pages,full,raw_atc__atc_trail_updates_pages,hand
reference/atc_updates.json,atc,closures,reviewed_file,full,raw_atc__atc_updates,hand
blm_or_rec_site_status,blm,closures,arcgis_layer,full,raw_blm__blm_or_rec_site_status,stg_blm__blm_or_rec_site_status
blm_shooting_points,blm,warnings,arcgis_layer,full,raw_blm__blm_shooting_points,stg_blm__blm_shooting_points
cdpr_park_unit_status,ca_state_parks,closures,arcgis_layer,full,raw_ca_state_parks__cdpr_park_unit_status,stg_ca_state_parks__cdpr_park_unit_status
cdtc_alert_lines,cdtc,closures,arcgis_layer,full,raw_cdtc__cdtc_alert_lines,stg_cdtc__cdtc_alert_lines
cdtc_alert_points,cdtc,closures,arcgis_layer,full,raw_cdtc__cdtc_alert_points,stg_cdtc__cdtc_alert_points
cdtc_area_closures,cdtc,closures,arcgis_layer,full,raw_cdtc__cdtc_area_closures,stg_cdtc__cdtc_area_closures
cdtc_national_defense_area,cdtc,warnings,arcgis_layer,full,raw_cdtc__cdtc_national_defense_area,stg_cdtc__cdtc_national_defense_area
cdtc_reroutes,cdtc,warnings,arcgis_layer,full,raw_cdtc__cdtc_reroutes,stg_cdtc__cdtc_reroutes
cotrex_seasonal_closures,cotrex,closures,arcgis_layer,full,raw_cotrex__cotrex_seasonal_closures,stg_cotrex__cotrex_seasonal_closures
cpw_bear_conflict_areas,cotrex,warnings,arcgis_layer,full,raw_cotrex__cpw_bear_conflict_areas,stg_cotrex__cpw_bear_conflict_areas
cpw_lion_conflict_areas,cotrex,warnings,arcgis_layer,full,raw_cotrex__cpw_lion_conflict_areas,stg_cotrex__cpw_lion_conflict_areas
ct_deep_property_access_status,ct_deep,closures,arcgis_layer,full,raw_ct_deep__ct_deep_property_access_status,stg_ct_deep__ct_deep_property_access_status
ctsst_public_hazards_closures,cumberland,closures,arcgis_layer,full,raw_cumberland__ctsst_public_hazards_closures,stg_cumberland__ctsst_public_hazards_closures
fltc_hunting_bypasses,fltc,warnings,arcgis_layer,full,raw_fltc__fltc_hunting_bypasses,stg_fltc__fltc_hunting_bypasses
fltc_seasonal_closures,fltc,closures,arcgis_layer,full,raw_fltc__fltc_seasonal_closures,stg_fltc__fltc_seasonal_closures
fltc_temporary_notices,fltc,closures,arcgis_layer,full,raw_fltc__fltc_temporary_notices,stg_fltc__fltc_temporary_notices
fmst_helene_status,fmst,closures,mymaps_placemarks,full,raw_fmst__fmst_helene_status,stg_fmst__fmst_helene_status
fta_fnst_closed_segments,fta,closures,arcgis_layer,full,raw_fta__fta_fnst_closed_segments,stg_fta__fta_fnst_closed_segments
iata_hunting_closures,iata,closures,arcgis_layer,full,raw_iata__iata_hunting_closures,stg_iata__iata_hunting_closures
iata_lands_hunting_regs,iata,warnings,arcgis_layer,full,raw_iata__iata_lands_hunting_regs,stg_iata__iata_lands_hunting_regs
iata_trail_conditions,iata,closures,arcgis_layer,full,raw_iata__iata_trail_conditions,stg_iata__iata_trail_conditions
king_county_parks_alerts_areas,king_county_parks,closures,arcgis_layer,full,raw_king_county_parks__king_county_parks_alerts_areas,stg_king_county_parks__king_county_parks_alerts_areas
king_county_parks_alerts_lines,king_county_parks,closures,arcgis_layer,full,raw_king_county_parks__king_county_parks_alerts_lines,stg_king_county_parks__king_county_parks_alerts_lines
king_county_parks_alerts_points,king_county_parks,closures,arcgis_layer,full,raw_king_county_parks__king_county_parks_alerts_points,stg_king_county_parks__king_county_parks_alerts_points
ma_dcr_blue_hills_hunt_areas,ma_dcr,warnings,arcgis_layer,full,raw_ma_dcr__ma_dcr_blue_hills_hunt_areas,stg_ma_dcr__ma_dcr_blue_hills_hunt_areas
ma_dcr_park_alerts,ma_dcr,closures,arcgis_layer,full,raw_ma_dcr__ma_dcr_park_alerts,stg_ma_dcr__ma_dcr_park_alerts
midpen_preserve_access,midpen,closures,arcgis_layer,full,raw_midpen__midpen_preserve_access,stg_midpen__midpen_preserve_access
mohonk_deer_zones,mohonk,warnings,arcgis_layer,full,raw_mohonk__mohonk_deer_zones,stg_mohonk__mohonk_deer_zones
ncta_ice_storm_impacts,ncta,warnings,arcgis_layer,full,raw_ncta__ncta_ice_storm_impacts,stg_ncta__ncta_ice_storm_impacts
ncta_trail_alerts,ncta,closures,arcgis_layer,full,raw_ncta__ncta_trail_alerts,stg_ncta__ncta_trail_alerts
nifc_wfigs_current_perimeters,nifc,warnings,arcgis_layer,full,raw_nifc__nifc_wfigs_current_perimeters,stg_nifc__nifc_wfigs_current_perimeters
njdep_fire_danger,njgin,warnings,arcgis_layer,full,raw_njgin__njdep_fire_danger,stg_njgin__njdep_fire_danger
njdep_park_status,njgin,closures,arcgis_layer,full,raw_njgin__njdep_park_status,stg_njgin__njdep_park_status
njdep_rx_burn_notifications,njgin,warnings,arcgis_layer,full,raw_njgin__njdep_rx_burn_notifications,stg_njgin__njdep_rx_burn_notifications
njdep_wma_restrictions,njgin,closures,arcgis_layer,full,raw_njgin__njdep_wma_restrictions,stg_njgin__njdep_wma_restrictions
grsm_trails_access,nps,closures,arcgis_layer,full,raw_nps__grsm_trails_access,stg_nps__grsm_trails_access
nps_alerts,nps,warnings,nps_alerts,full,raw_nps__nps_alerts,stg_nps__nps_alerts
nps_appa_helene_status,nps,closures,arcgis_layer,full,raw_nps__nps_appa_helene_status,stg_nps__nps_appa_helene_status
nps_grca_closures,nps,closures,arcgis_layer,full,raw_nps__nps_grca_closures,stg_nps__nps_grca_closures
nps_road_events,nps,warnings,nps_road_events,full,raw_nps__nps_road_events,stg_nps__nps_road_events
nps_seki_closures,nps,closures,arcgis_layer,full,raw_nps__nps_seki_closures,stg_nps__nps_seki_closures
nps_yell_bear_management_areas,nps,closures,arcgis_layer,full,raw_nps__nps_yell_bear_management_areas,stg_nps__nps_yell_bear_management_areas
nps_yose_fire_restrictions,nps,warnings,arcgis_layer,full,raw_nps__nps_yose_fire_restrictions,stg_nps__nps_yose_fire_restrictions
nps_yose_trail_closures,nps,closures,arcgis_layer,full,raw_nps__nps_yose_trail_closures,stg_nps__nps_yose_trail_closures
alerts,nws,warnings,nws_alerts,full,raw_nws__alerts,hand
nynjtc_trail_alerts,nynjtc,closures,wordpress_posts,full,raw_nynjtc__nynjtc_trail_alerts,hand
nysdec_big_game_seasons,nysdec,warnings,arcgis_layer,full,raw_nysdec__nysdec_big_game_seasons,stg_nysdec__nysdec_big_game_seasons
nysdec_hab_reports,nysdec,warnings,arcgis_layer,full,raw_nysdec__nysdec_hab_reports,stg_nysdec__nysdec_hab_reports
oprhp_hunting_areas,nysparks,warnings,arcgis_layer,full,raw_nysparks__oprhp_hunting_areas,stg_nysparks__oprhp_hunting_areas
oprhp_trail_closures,nysparks,closures,arcgis_layer,full,raw_nysparks__oprhp_trail_closures,hand
odfw_orham_alert_areas,odfw,warnings,arcgis_layer,full,raw_odfw__odfw_orham_alert_areas,stg_odfw__odfw_orham_alert_areas
foot_trail_condition_report,ouachita,warnings,sheet_csv_segments,full,raw_ouachita__foot_trail_condition_report,stg_ouachita__foot_trail_condition_report
closures,ourhike,closures,conditions_query,full,raw_ourhike__closures,hand
disputes,ourhike,warnings,conditions_query,full,raw_ourhike__disputes,hand
notes,ourhike,warnings,conditions_query,full,raw_ourhike__notes,hand
reports,ourhike,warnings,conditions_query,full,raw_ourhike__reports,hand
reference/work_projects.json,ourhike,closures,reviewed_file,full,raw_ourhike__work_projects,hand
pa_dcnr_park_advisories,pasda,warnings,dcnr_park_advisories,full,raw_pasda__pa_dcnr_park_advisories,stg_pasda__pa_dcnr_park_advisories
pcta_closure_lines,pcta,closures,arcgis_layer,full,raw_pcta__pcta_closure_lines,stg_pcta__pcta_closure_lines
pcta_fires_and_closures,pcta,closures,arcgis_layer,full,raw_pcta__pcta_fires_and_closures,stg_pcta__pcta_fires_and_closures
portland_parks_closed_assets,portland_parks,closures,arcgis_layer,full,raw_portland_parks__portland_parks_closed_assets,stg_portland_parks__portland_parks_closed_assets
scc_parks_closed_areas,scc_parks,closures,arcgis_layer,full,raw_scc_parks__scc_parks_closed_areas,stg_scc_parks__scc_parks_closed_areas
tdec_trail_closures,tdec,closures,arcgis_layer,full,raw_tdec__tdec_trail_closures,stg_tdec__tdec_trail_closures
tehcc_wiki_announcements,tehcc,warnings,mediawiki_announcements,full,raw_tehcc__tehcc_wiki_announcements,stg_tehcc__tehcc_wiki_announcements
usace_garrison_hunting_restrictions,usace,warnings,arcgis_layer,full,raw_usace__usace_garrison_hunting_restrictions,stg_usace__usace_garrison_hunting_restrictions
usace_sam_closed_rec_areas,usace,closures,arcgis_layer,full,raw_usace__usace_sam_closed_rec_areas,stg_usace__usace_sam_closed_rec_areas
usfs_baer_assessments,usfs,warnings,arcgis_layer,full,raw_usfs__usfs_baer_assessments,stg_usfs__usfs_baer_assessments
usfs_forest_closure_area,usfs,closures,arcgis_layer,full,raw_usfs__usfs_forest_closure_area,stg_usfs__usfs_forest_closure_area
usfs_r01_bmwc_trail_closures,usfs,closures,arcgis_layer,full,raw_usfs__usfs_r01_bmwc_trail_closures,stg_usfs__usfs_r01_bmwc_trail_closures
usfs_r01_kootenai_inaccessible,usfs,closures,arcgis_layer,full,raw_usfs__usfs_r01_kootenai_inaccessible,stg_usfs__usfs_r01_kootenai_inaccessible
usfs_r03_fire_restrictions,usfs,warnings,arcgis_layer,full,raw_usfs__usfs_r03_fire_restrictions,stg_usfs__usfs_r03_fire_restrictions
usfs_r03_forest_orders,usfs,closures,arcgis_layer,full,raw_usfs__usfs_r03_forest_orders,stg_usfs__usfs_r03_forest_orders
usfs_r04_forest_orders,usfs,closures,arcgis_layer,full,raw_usfs__usfs_r04_forest_orders,stg_usfs__usfs_r04_forest_orders
usfs_r06_fire_closure_areas,usfs,closures,arcgis_layer,full,raw_usfs__usfs_r06_fire_closure_areas,stg_usfs__usfs_r06_fire_closure_areas
usfs_r06_fire_closure_lines,usfs,closures,arcgis_layer,full,raw_usfs__usfs_r06_fire_closure_lines,stg_usfs__usfs_r06_fire_closure_lines
usfs_r06_fire_closure_points,usfs,closures,arcgis_layer,full,raw_usfs__usfs_r06_fire_closure_points,stg_usfs__usfs_r06_fire_closure_points
usfs_r08_prescribed_burns,usfs,warnings,arcgis_layer,full,raw_usfs__usfs_r08_prescribed_burns,stg_usfs__usfs_r08_prescribed_burns
usfs_r09_superior_closures,usfs,closures,arcgis_layer,full,raw_usfs__usfs_r09_superior_closures,stg_usfs__usfs_r09_superior_closures
usfs_rec_opportunities_status,usfs,closures,arcgis_layer,full,raw_usfs__usfs_rec_opportunities_status,stg_usfs__usfs_rec_opportunities_status
fws_hunt_units,usfws,warnings,arcgis_layer,full,raw_usfws__fws_hunt_units,stg_usfws__fws_hunt_units
usgs_elevated_volcanoes,usgs,warnings,usgs_elevated_volcanoes,full,raw_usgs__usgs_elevated_volcanoes,stg_usgs__usgs_elevated_volcanoes
usgs_pwfdf_assessments,usgs_tnm,warnings,arcgis_layer,full,raw_usgs_tnm__usgs_pwfdf_assessments,stg_usgs_tnm__usgs_pwfdf_assessments
utah_ffsl_fire_restrictions,utah_ffsl,warnings,arcgis_layer,full,raw_utah_ffsl__utah_ffsl_fire_restrictions,stg_utah_ffsl__utah_ffsl_fire_restrictions
wa_dnr_ifpl,wa_dnr,warnings,arcgis_layer,full,raw_wa_dnr__wa_dnr_ifpl,stg_wa_dnr__wa_dnr_ifpl
wa_dnr_wildfire_danger,wa_dnr,warnings,arcgis_layer,full,raw_wa_dnr__wa_dnr_wildfire_danger,stg_wa_dnr__wa_dnr_wildfire_danger
wa_rco_trailhead_status,wa_rco,closures,arcgis_layer,full,raw_wa_rco__wa_rco_trailhead_status,stg_wa_rco__wa_rco_trailhead_status
wsprc_winter_rec_closures,wa_state_parks,closures,arcgis_layer,full,raw_wa_state_parks__wsprc_winter_rec_closures,stg_wa_state_parks__wsprc_winter_rec_closures
wi_dnr_fire_danger,wi_dnr,warnings,arcgis_layer,full,raw_wi_dnr__wi_dnr_fire_danger,stg_wi_dnr__wi_dnr_fire_danger
wi_dnr_park_closures,wi_dnr,closures,arcgis_layer,full,raw_wi_dnr__wi_dnr_park_closures,stg_wi_dnr__wi_dnr_park_closures
