source_key,file_order,club,source,phone_files,trail_id,id_field,name_field,type_field
shelters,1,atc,atc_shelters,poi_by_type,AT,GlobalID,Name,
campsites,2,atc,atc_campsites,poi_by_type,AT,GlobalID,Name,
viewpoints,3,atc,atc_viewpoints,poi_by_type,AT,GlobalID,Name,
parking,4,atc,atc_parking,poi_by_type,AT,GlobalID,Name,
privies,5,atc,atc_privies,poi_by_type,AT,GlobalID,Name,
communities,6,atc,atc_communities,poi_by_type,AT,GlobalID,NAME,
opentrail_at,7,opentrail,opentrail_at,poi_by_type,AT,dbid,title,
oprhp_facilities,8,nysparks,oprhp_facilities,nearby_poi,NYSOPRHP,,,Sub_Asset
dec_lean_tos,9,nysdec,dec_lean_tos,nearby_poi,NYSDEC,,,
dec_primitive_campsites,10,nysdec,dec_primitive_campsites,nearby_poi,NYSDEC,,,
dec_scenic_vistas,11,nysdec,dec_scenic_vistas,nearby_poi,NYSDEC,,,
dec_firetowers,12,nysdec,dec_firetowers,nearby_poi,NYSDEC,,,
dec_viewing_areas,13,nysdec,dec_viewing_areas,nearby_poi,NYSDEC,,,
dec_parking_areas,14,nysdec,dec_parking_areas,nearby_poi,NYSDEC,,,
dec_backcountry_features,15,nysdec,dec_backcountry_features,nearby_poi,NYSDEC,,,ASSET
usfs_rec_sites,16,usfs,usfs_rec_sites,nearby_poi,USFS,,,site_type
nyc_public_restrooms,17,nycparks,nyc_public_restrooms,nearby_poi,NYCPARKS,,,
nyc_drinking_fountains,18,nycparks,nyc_drinking_fountains,nearby_poi,NYCPARKS,,,
